evidence_type,identifier,status,valid,method_count,last_validated,failure_count,verifier_id,verifier_version,checksum_root,evaluated_at
ksi,KSI-CED-01,not_satisfied,,0,2026-09-05T17:44:26Z,,,,,2026-09-05T17:44:26Z
ksi,KSI-CED-03,not_satisfied,,0,2026-09-05T17:44:26Z,,,,,2026-09-05T17:44:26Z
ksi,KSI-CMT-01,not_satisfied,,2,2026-09-05T17:44:26Z,,,,,2026-09-05T17:44:26Z
ksi,KSI-CMT-03,not_satisfied,,2,2026-09-05T17:44:26Z,,,,,2026-09-05T17:44:26Z
ksi,KSI-CMT-04,not_satisfied,,0,2026-09-05T17:44:26Z,,,,,2026-09-05T17:44:26Z
ksi,KSI-CNA-01,not_satisfied,,2,2026-09-05T17:44:26Z,,,,,2026-09-05T17:44:26Z
ksi,KSI-CNA-05,not_satisfied,,0,2026-09-05T17:44:26Z,,,,,2026-09-05T17:44:26Z
ksi,KSI-CNA-08,not_satisfied,,0,2026-09-05T17:44:26Z,,,,,2026-09-05T17:44:26Z
ksi,KSI-IAM-05,not_satisfied,,2,2026-09-05T17:44:26Z,,,,,2026-09-05T17:44:26Z
ksi,KSI-IAM-07,not_satisfied,,2,2026-09-05T17:44:26Z,,,,,2026-09-05T17:44:26Z
ksi,KSI-INR-01,not_satisfied,,0,2026-09-05T17:44:26Z,,,,,2026-09-05T17:44:26Z
ksi,KSI-MLA-03,not_satisfied,,2,2026-09-05T17:44:26Z,,,,,2026-09-05T17:44:26Z
ksi,KSI-MLA-07,not_satisfied,,2,2026-09-05T17:44:26Z,,,,,2026-09-05T17:44:26Z
ksi,KSI-MLA-08,not_satisfied,,2,2026-09-05T17:44:26Z,,,,,2026-09-05T17:44:26Z
ksi,KSI-PIY-01,not_satisfied,,0,2026-09-05T17:44:26Z,,,,,2026-09-05T17:44:26Z
ksi,KSI-PIY-02,not_satisfied,,0,2026-09-05T17:44:26Z,,,,,2026-09-05T17:44:26Z
ksi,KSI-PIY-04,not_satisfied,,0,2026-09-05T17:44:26Z,,,,,2026-09-05T17:44:26Z
ksi,KSI-PIY-06,not_satisfied,,0,2026-09-05T17:44:26Z,,,,,2026-09-05T17:44:26Z
ksi,KSI-RCP-01,not_satisfied,,0,2026-09-05T17:44:26Z,,,,,2026-09-05T17:44:26Z
ksi,KSI-RCP-02,not_satisfied,,0,2026-09-05T17:44:26Z,,,,,2026-09-05T17:44:26Z
ksi,KSI-RCP-03,not_satisfied,,0,2026-09-05T17:44:26Z,,,,,2026-09-05T17:44:26Z
ksi,KSI-RCP-04,not_satisfied,,0,2026-09-05T17:44:26Z,,,,,2026-09-05T17:44:26Z
ksi,KSI-SVC-01,not_satisfied,,0,2026-09-05T17:44:26Z,,,,,2026-09-05T17:44:26Z
ksi,KSI-SVC-03,not_satisfied,,0,2026-09-05T17:44:26Z,,,,,2026-09-05T17:44:26Z
ksi,KSI-SVC-04,not_satisfied,,2,2026-09-05T17:44:26Z,,,,,2026-09-05T17:44:26Z
ksi,KSI-SVC-05,not_satisfied,,2,2026-09-05T17:44:26Z,,,,,2026-09-05T17:44:26Z
ksi,KSI-SVC-08,not_satisfied,,0,2026-09-05T17:44:26Z,,,,,2026-09-05T17:44:26Z
ksi,KSI-SVC-09,not_satisfied,,0,2026-09-05T17:44:26Z,,,,,2026-09-05T17:44:26Z
ksi,KSI-SVC-10,not_satisfied,,0,2026-09-05T17:44:26Z,,,,,2026-09-05T17:44:26Z
ksi,KSI-TPR-01,not_satisfied,,0,2026-09-05T17:44:26Z,,,,,2026-09-05T17:44:26Z
ksi,KSI-TPR-02,not_satisfied,,0,2026-09-05T17:44:26Z,,,,,2026-09-05T17:44:26Z
demo-run,fedramp-run-20260904T222624Z-4c082fdf-72b9-48e6-8520-7f7395f3d496,,true,,,0,g8e-demo-run-verifier,1.0.0,,2026-09-05T17:44:26Z
demo-run,healthcare-run-20260904T213220Z-181f391b-e3e7-44fb-94a5-865a83644425,,true,,,0,g8e-demo-run-verifier,1.0.0,,2026-09-05T17:44:26Z
